title,url,event_id,description
Closed,https://25livepub.collegenet.com/calendars/25live-woodpec-cal?eventid=1269826854,1269826854,"Sunday, April 27, 2025, 1am - 11:30pm Woodruff PE Center Court #4"
Closed,https://25livepub.collegenet.com/calendars/25live-woodpec-cal?eventid=1269826855,1269826855,"Monday, April 28, 2025, 1 - 8am Woodruff PE Center Court #4"
Closed,https://25livepub.collegenet.com/calendars/25live-woodpec-cal?eventid=1269826856,1269826856,"Tuesday, April 29, 2025, 1am - 11:30pm Woodruff PE Center Court #4"
Closed,https://25livepub.collegenet.com/calendars/25live-woodpec-cal?eventid=1269826857,1269826857,"Wednesday, April 30, 2025, 1am - 11:30pm Woodruff PE Center Court #4"
Closed,https://25livepub.collegenet.com/calendars/25live-woodpec-cal?eventid=1269826858,1269826858,"Thursday, May 1, 2025, 1 - 8am Woodruff PE Center Court #4"
Closed,https://25livepub.collegenet.com/calendars/25live-woodpec-cal?eventid=1269826860,1269826860,"Friday, May 2, 2025, 1am - 11:30pm Woodruff PE Center Court #4"
Closed,https://25livepub.collegenet.com/calendars/25live-woodpec-cal?eventid=1269826861,1269826861,"Saturday, May 3, 2025, 1am - 11:30pm Woodruff PE Center Court #4"
Women's Tennis Practice,https://25livepub.collegenet.com/calendars/25live-woodpec-cal?eventid=1222083512,1222083512,"Sunday, April 27, 2025, 10am - 1pm Woodruff PE Center Indoor Tennis court #7 (roof), Woodruff PE Center Indoor Tennis court #8 (roof), Woodruff PE Center Indoor Tennis court #9 (roof), Woodruff PE Center Indoor Tennis court #10 (roof), Woodruff PE Center Indoor Tennis Court  #11,…"
Spin (Cecilia),https://25livepub.collegenet.com/calendars/25live-woodpec-cal?eventid=1229781012,1229781012,"Monday, April 28, 2025, 7 - 7:50am Woodruff PE Center Cycling Studio"
Spin (Cecilia),https://25livepub.collegenet.com/calendars/25live-woodpec-cal?eventid=1269822617,1269822617,"Tuesday, April 29, 2025, 7 - 7:50am Woodruff PE Center Cycling Studio"
Track and Field Practice,https://25livepub.collegenet.com/calendars/25live-woodpec-cal?eventid=1226151360,1226151360,"Wednesday, April 30, 2025, 8 - 11am Woodruff PE Center Mcdonough Field"
Stretch & Conditioning (Maki),https://25livepub.collegenet.com/calendars/25live-woodpec-cal?eventid=1269826475,1269826475,"Thursday, May 1, 2025, 7:15 - 8am Woodruff PE Center Aerobics Room"
OR Student Employee Interviews,https://25livepub.collegenet.com/calendars/25live-woodpec-cal?eventid=1271601576,1271601576,"Friday, May 2, 2025, 9:40 - 11:10am Woodruff PE Center 2nd conference room"
Dance Practice,https://25livepub.collegenet.com/calendars/25live-woodpec-cal?eventid=1271684231,1271684231,"Saturday, May 3, 2025, 10am - 12pm Woodruff PE Center multipurpose room, wrestling,aerobics,yoga,martial arts"
Women's Tennis Practice,https://25livepub.collegenet.com/calendars/25live-woodpec-cal?eventid=1221946064,1221946064,"Sunday, April 27, 2025, 10am - 1pm Woodruff PE Center Indoor Tennis court #7 (roof), Woodruff PE Center Indoor Tennis court #8 (roof), Woodruff PE Center Indoor Tennis court #9 (roof), Woodruff PE Center Indoor Tennis court #10 (roof), Woodruff PE Center Indoor Tennis Court  #11,…"
Women's Basketball Pickup,https://25livepub.collegenet.com/calendars/25live-woodpec-cal?eventid=1266069544,1266069544,"Monday, April 28, 2025, 7 - 8am Woodruff PE Center Court #2, Woodruff PE Center Court #1"
Track and Field Practice,https://25livepub.collegenet.com/calendars/25live-woodpec-cal?eventid=1226151358,1226151358,"Tuesday, April 29, 2025, 8 - 11am Woodruff PE Center Mcdonough Field"
Sports Medicine - Dunham,https://25livepub.collegenet.com/calendars/25live-woodpec-cal?eventid=1181229286,1181229286,"Wednesday, April 30, 2025, 9:30 - 11am Woodruff PE Center small class room"
EXAM: DANC 121R 1 2730,https://25livepub.collegenet.com/calendars/25live-woodpec-cal?eventid=1245595048,1245595048,"Thursday, May 1, 2025, 8 - 10:30am Woodruff PE Center - Dance Studio"
Align & Flow Yoga (Stacy),https://25livepub.collegenet.com/calendars/25live-woodpec-cal?eventid=1269827379,1269827379,"Friday, May 2, 2025, 10 - 11am Woodruff PE Center multipurpose room, wrestling,aerobics,yoga,martial arts"
Spin (Cecilia),https://25livepub.collegenet.com/calendars/25live-woodpec-cal?eventid=1269822620,1269822620,"Saturday, May 3, 2025, 10:30 - 11:30am Woodruff PE Center Cycling Studio"
Strong Nation (Lupe),https://25livepub.collegenet.com/calendars/25live-woodpec-cal?eventid=1233610399,1233610399,"Sunday, April 27, 2025, 10:30 - 11:45am Woodruff PE Center multipurpose room, wrestling,aerobics,yoga,martial arts"
Track and Field Practice,https://25livepub.collegenet.com/calendars/25live-woodpec-cal?eventid=1226151356,1226151356,"Monday, April 28, 2025, 8 - 11am Woodruff PE Center Mcdonough Field"
Eagle Edge,https://25livepub.collegenet.com/calendars/25live-woodpec-cal?eventid=1269859206,1269859206,"Tuesday, April 29, 2025, 10am - 4pm Woodruff PE Center small class room"
Tennis Class - PE,https://25livepub.collegenet.com/calendars/25live-woodpec-cal?eventid=1238868143,1238868143,"Wednesday, April 30, 2025, 10am - 12:45pm Woodruff PE Center All Outdoor Tennis courts, Woodruff PE Center All Indoor Tennis courts"
EXAM: PE 212 1 3298,https://25livepub.collegenet.com/calendars/25live-woodpec-cal?eventid=1245593106,1245593106,"Thursday, May 1, 2025, 8 - 10:30am Woodruff PE Center Pool shallow end, Woodruff PE Center Pool lap lane, Woodruff PE Center Pool diving well / deep end, Woodruff PE Center Pool"
Goizueta B-School Post Testing,https://25livepub.collegenet.com/calendars/25live-woodpec-cal?eventid=1270117590,1270117590,"Friday, May 2, 2025, 11:30am - 3pm Woodruff PE Center Auxillary Court 1"
Emory Dance Company Course,https://25livepub.collegenet.com/calendars/25live-woodpec-cal?eventid=1235867461,1235867461,"Saturday, May 3, 2025, 11am - 4pm Woodruff PE Center - Dance Studio"
Mulan Dance,https://25livepub.collegenet.com/calendars/25live-woodpec-cal?eventid=1244564859,1244564859,"Sunday, April 27, 2025, 10:30am - 12pm Woodruff PE Center - Dance Studio"
Student Athlete Banquet,https://25livepub.collegenet.com/calendars/25live-woodpec-cal?eventid=1267449630,1267449630,"Monday, April 28, 2025, 8am - 11pm Woodruff PE Center Court #2, Woodruff PE Center Court #1, Woodruff PE Center Court #3, Woodruff PE Center Court #4"
Eagle Edge - Hixon,https://25livepub.collegenet.com/calendars/25live-woodpec-cal?eventid=1269590950,1269590950,"Tuesday, April 29, 2025, 12 - 1pm Woodruff PE Center Large class room"
Tennis Class - PE,https://25livepub.collegenet.com/calendars/25live-woodpec-cal?eventid=1238868088,1238868088,"Wednesday, April 30, 2025, 10am - 12:45pm Woodruff PE Center All Outdoor Tennis courts, Woodruff PE Center All Indoor Tennis courts"
EXAM: PE 192 1 3279,https://25livepub.collegenet.com/calendars/25live-woodpec-cal?eventid=1245592315,1245592315,"Thursday, May 1, 2025, 8 - 10:30am Woodruff PE Center Arena Court"
OR Student Employee Interviews,https://25livepub.collegenet.com/calendars/25live-woodpec-cal?eventid=1271601577,1271601577,"Friday, May 2, 2025, 1:40 - 2:10pm Woodruff PE Center 2nd conference room"
Splash Fitness (Mariam),https://25livepub.collegenet.com/calendars/25live-woodpec-cal?eventid=1269827016,1269827016,"Saturday, May 3, 2025, 1 - 2pm Woodruff PE Center Pool shallow end, Woodruff PE Center Pool lap lane, Woodruff PE Center Pool diving well / deep end, Woodruff PE Center Pool"
Emory Student Dance Rehearsals,https://25livepub.collegenet.com/calendars/25live-woodpec-cal?eventid=1241397154,1241397154,"Sunday, April 27, 2025, 12 - 5pm Woodruff PE Center multipurpose room, wrestling,aerobics,yoga,martial arts"
Group Fitness/Wellness,https://25livepub.collegenet.com/calendars/25live-woodpec-cal?eventid=1268231411,1268231411,"Monday, April 28, 2025, 10 - 11am Woodruff PE Center Auxillary Court, Woodruff PE Center Auxillary Court 2, Woodruff PE Center Auxillary Court 1"
Track and Field Practice,https://25livepub.collegenet.com/calendars/25live-woodpec-cal?eventid=1226151359,1226151359,"Tuesday, April 29, 2025, 1 - 3pm Woodruff PE Center Mcdonough Field"
Track and Field Practice,https://25livepub.collegenet.com/calendars/25live-woodpec-cal?eventid=1226151361,1226151361,"Wednesday, April 30, 2025, 1 - 3pm Woodruff PE Center Mcdonough Field"
Closed,https://25livepub.collegenet.com/calendars/25live-woodpec-cal?eventid=1269826859,1269826859,"Thursday, May 1, 2025, 10:30am - 11:30pm Woodruff PE Center Court #4"
Stretch (Maki),https://25livepub.collegenet.com/calendars/25live-woodpec-cal?eventid=1269826476,1269826476,"Friday, May 2, 2025, 2 - 3pm Woodruff PE Center Aerobics Room"
MSBA Alumni Sports Day,https://25livepub.collegenet.com/calendars/25live-woodpec-cal?eventid=1271681576,1271681576,"Saturday, May 3, 2025, 1 - 4pm Woodruff PE Center Court #2, Woodruff PE Center Court #1, Woodruff PE Center Squash court"
Capture the Kite,https://25livepub.collegenet.com/calendars/25live-woodpec-cal?eventid=1262244179,1262244179,"Sunday, April 27, 2025, 12 - 2pm Woodruff PE Center Mcdonough Field, Woodruff PE Center Mcdonough Stage"
A&R Meeting,https://25livepub.collegenet.com/calendars/25live-woodpec-cal?eventid=1267385076,1267385076,"Monday, April 28, 2025, 10am - 12pm Woodruff PE Center Large class room"
Track Practice,https://25livepub.collegenet.com/calendars/25live-woodpec-cal?eventid=1224316105,1224316105,"Tuesday, April 29, 2025, 2:30 - 5:30pm Woodruff PE Center Outdoor track"
Athletic & Recreation Leadership Meeting,https://25livepub.collegenet.com/calendars/25live-woodpec-cal?eventid=1175327293,1175327293,"Wednesday, April 30, 2025, 1 - 3pm Woodruff PE Center small class room"
FitWell Team Meeting,https://25livepub.collegenet.com/calendars/25live-woodpec-cal?eventid=1233182561,1233182561,"Thursday, May 1, 2025, 11am - 12pm Woodruff PE Center 2nd conference room"
Men's Tennis Practice,https://25livepub.collegenet.com/calendars/25live-woodpec-cal?eventid=1221902307,1221902307,"Friday, May 2, 2025, 2:15 - 4:15pm Woodruff PE Center All Indoor Tennis courts"
Cycle & Tri Practice (IMSC),https://25livepub.collegenet.com/calendars/25live-woodpec-cal?eventid=1235050944,1235050944,"Sunday, April 27, 2025, 12 - 1pm Woodruff PE Center Pool lap lane"
DANC 223R 1 2723,https://25livepub.collegenet.com/calendars/25live-woodpec-cal?eventid=1208676450,1208676450,"Monday, April 28, 2025, 10 - 11:15am Woodruff PE Center - Dance Studio"
Women's Tennis Practice,https://25livepub.collegenet.com/calendars/25live-woodpec-cal?eventid=1221946278,1221946278,"Tuesday, April 29, 2025, 2:30 - 4:30pm Woodruff PE Center All Outdoor Tennis courts, Woodruff PE Center All Indoor Tennis courts"
Track Practice,https://25livepub.collegenet.com/calendars/25live-woodpec-cal?eventid=1224316106,1224316106,"Wednesday, April 30, 2025, 2:30 - 5:30pm Woodruff PE Center Outdoor track"
EXAM: PE 167 3 3248,https://25livepub.collegenet.com/calendars/25live-woodpec-cal?eventid=1245595039,1245595039,"Thursday, May 1, 2025, 11:30am - 2pm Woodruff PE Center multipurpose room, wrestling,aerobics,yoga,martial arts"
Men's Tennis Practice,https://25livepub.collegenet.com/calendars/25live-woodpec-cal?eventid=1221900808,1221900808,"Friday, May 2, 2025, 2:15 - 4:15pm Woodruff PE Center All Outdoor Tennis courts"
Emory Dance Company Course,https://25livepub.collegenet.com/calendars/25live-woodpec-cal?eventid=1235867456,1235867456,"Sunday, April 27, 2025, 12:30 - 4pm Woodruff PE Center - Dance Studio"
Tennis Class - PE,https://25livepub.collegenet.com/calendars/25live-woodpec-cal?eventid=1238868142,1238868142,"Monday, April 28, 2025, 10am - 12:45pm Woodruff PE Center All Outdoor Tennis courts, Woodruff PE Center All Indoor Tennis courts"
Women's Tennis Practice,https://25livepub.collegenet.com/calendars/25live-woodpec-cal?eventid=1221946065,1221946065,"Tuesday, April 29, 2025, 2:30 - 4:30pm Woodruff PE Center All Outdoor Tennis courts, Woodruff PE Center All Indoor Tennis courts"
Men's Tennis Practice,https://25livepub.collegenet.com/calendars/25live-woodpec-cal?eventid=1221902302,1221902302,"Wednesday, April 30, 2025, 2:30 - 4:30pm Woodruff PE Center Indoor Tennis court #10 (roof), Woodruff PE Center All Outdoor Tennis courts, Woodruff PE Center All Indoor Tennis courts"
EXAM: PE 116 1 3221,https://25livepub.collegenet.com/calendars/25live-woodpec-cal?eventid=1245559048,1245559048,"Thursday, May 1, 2025, 11:30am - 2pm Woodruff PE Center Cycling Studio"
Men's Tennis Practice,https://25livepub.collegenet.com/calendars/25live-woodpec-cal?eventid=1221900807,1221900807,"Friday, May 2, 2025, 2:15pm Woodruff PE Center All Outdoor Tennis courts"
TNT Practice,https://25livepub.collegenet.com/calendars/25live-woodpec-cal?eventid=1241397155,1241397155,"Sunday, April 27, 2025, 1 - 3pm Woodruff PE Center Aerobics Room"
Tennis Class - PE,https://25livepub.collegenet.com/calendars/25live-woodpec-cal?eventid=1238868087,1238868087,"Monday, April 28, 2025, 10am - 12:45pm Woodruff PE Center All Outdoor Tennis courts, Woodruff PE Center All Indoor Tennis courts"
Power Flow Yoga (Baseball Team),https://25livepub.collegenet.com/calendars/25live-woodpec-cal?eventid=1240907629,1240907629,"Tuesday, April 29, 2025, 4 - 4:45pm Woodruff PE Center multipurpose room, wrestling,aerobics,yoga,martial arts"
Men's Tennis Practice,https://25livepub.collegenet.com/calendars/25live-woodpec-cal?eventid=1221900805,1221900805,"Wednesday, April 30, 2025, 2:30 - 4:30pm Woodruff PE Center Indoor Tennis court #10 (roof), Woodruff PE Center All Outdoor Tennis courts, Woodruff PE Center All Indoor Tennis courts"
EXAM: DANC 121R 2 2739,https://25livepub.collegenet.com/calendars/25live-woodpec-cal?eventid=1245595049,1245595049,"Thursday, May 1, 2025, 11:30am - 2pm Woodruff PE Center - Dance Studio"
Track Practice,https://25livepub.collegenet.com/calendars/25live-woodpec-cal?eventid=1224316108,1224316108,"Friday, May 2, 2025, 2:30 - 5:30pm Woodruff PE Center Outdoor track"
IFC x Sigma Alpha Mu Flag Football,https://25livepub.collegenet.com/calendars/25live-woodpec-cal?eventid=1261419592,1261419592,"Sunday, April 27, 2025, 1 - 5pm Woodruff PE Center Candler Field #3, Woodruff PE Center Candler Field #4"
Hatha Yoga (Savvy),https://25livepub.collegenet.com/calendars/25live-woodpec-cal?eventid=1229821907,1229821907,"Monday, April 28, 2025, 11:30am - 12:30pm Woodruff PE Center multipurpose room, wrestling,aerobics,yoga,martial arts"
OR Club Executive Meeting,https://25livepub.collegenet.com/calendars/25live-woodpec-cal?eventid=1242031366,1242031366,"Tuesday, April 29, 2025, 4 - 5pm Woodruff PE Center 2nd conference room"
OR Student Employee Interviews,https://25livepub.collegenet.com/calendars/25live-woodpec-cal?eventid=1271601575,1271601575,"Wednesday, April 30, 2025, 3:40 - 4:10pm Woodruff PE Center 2nd conference room"
Ryan's last day lunch,https://25livepub.collegenet.com/calendars/25live-woodpec-cal?eventid=1271663114,1271663114,"Thursday, May 1, 2025, 1 - 3pm Woodruff PE Center Large class room"
Emory Dance Company Course,https://25livepub.collegenet.com/calendars/25live-woodpec-cal?eventid=1235867460,1235867460,"Friday, May 2, 2025, 2:30 - 6pm Woodruff PE Center - Dance Studio"
Men's Tennis Practice,https://25livepub.collegenet.com/calendars/25live-woodpec-cal?eventid=1222279440,1222279440,"Sunday, April 27, 2025, 1 - 4pm Woodruff PE Center Indoor Tennis court #7 (roof), Woodruff PE Center Indoor Tennis court #8 (roof), Woodruff PE Center Indoor Tennis court #9 (roof), Woodruff PE Center Indoor Tennis court #10 (roof), Woodruff PE Center Indoor Tennis Court  #11,…"
DANC 323R 1 2834,https://25livepub.collegenet.com/calendars/25live-woodpec-cal?eventid=1208676451,1208676451,"Monday, April 28, 2025, 11:30am - 12:45pm Woodruff PE Center - Dance Studio"
Men's Tennis Practice,https://25livepub.collegenet.com/calendars/25live-woodpec-cal?eventid=1221902300,1221902300,"Tuesday, April 29, 2025, 4:30 - 6:30pm Woodruff PE Center All Outdoor Tennis courts, Woodruff PE Center All Indoor Tennis courts"
Sports Medicine - Dunham,https://25livepub.collegenet.com/calendars/25live-woodpec-cal?eventid=1181229287,1181229287,"Wednesday, May 14, 2025, 9:30 - 11am Woodruff PE Center small class room"
Track Practice,https://25livepub.collegenet.com/calendars/25live-woodpec-cal?eventid=1224316117,1224316117,"Thursday, May 15, 2025, 2:30 - 5:30pm Woodruff PE Center Outdoor track"
SOGA 2025,https://25livepub.collegenet.com/calendars/25live-woodpec-cal?eventid=1220253126,1220253126,"Friday, May 16, 6am - Sunday, May 18, 2025, 8pm Woodruff PE Center Court #2, Woodruff PE Center Court #1, Woodruff PE Center Court #3, Woodruff PE Center Court #4, Woodruff PE Center Pool shallow end, Woodruff PE Center Pool lap lane, Woodruff PE Center Pool diving well / deep end, Woodruff PE…"
Class Day Crossover Tent Install,https://25livepub.collegenet.com/calendars/25live-woodpec-cal?eventid=1268393672,1268393672,"Sunday, May 11, 2025, 8am - 11pm Woodruff PE Center Mcdonough Field, Woodruff PE Center Mcdonough Stage"
Track Practice,https://25livepub.collegenet.com/calendars/25live-woodpec-cal?eventid=1224316114,1224316114,"Monday, May 12, 2025, 2:30 - 5:30pm Woodruff PE Center Outdoor track"
Track Practice,https://25livepub.collegenet.com/calendars/25live-woodpec-cal?eventid=1224316115,1224316115,"Tuesday, May 13, 2025, 2:30 - 5:30pm Woodruff PE Center Outdoor track"
Monthly Coaches' Meeting,https://25livepub.collegenet.com/calendars/25live-woodpec-cal?eventid=1173915838,1173915838,"Wednesday, May 14, 2025, 10 - 11:30am Woodruff PE Center Large class room"
SOGA 2025,https://25livepub.collegenet.com/calendars/25live-woodpec-cal?eventid=1220233920,1220233920,"Friday, May 16, 6am - Sunday, May 18, 2025, 8pm Woodruff PE Center Court #2, Woodruff PE Center Court #1, Woodruff PE Center Court #3, Woodruff PE Center Court #4, Woodruff PE Center Pool shallow end, Woodruff PE Center Pool lap lane, Woodruff PE Center Pool diving well / deep end, Woodruff PE…"
Women's Tennis Practice,https://25livepub.collegenet.com/calendars/25live-woodpec-cal?eventid=1222083516,1222083516,"Sunday, May 11, 2025, 10am - 1pm Woodruff PE Center Indoor Tennis court #7 (roof), Woodruff PE Center Indoor Tennis court #8 (roof), Woodruff PE Center Indoor Tennis court #9 (roof), Woodruff PE Center Indoor Tennis court #10 (roof), Woodruff PE Center Indoor Tennis Court  #11,…"
Track Practice,https://25livepub.collegenet.com/calendars/25live-woodpec-cal?eventid=1224316116,1224316116,"Wednesday, May 14, 2025, 2:30 - 5:30pm Woodruff PE Center Outdoor track"
SOGA 2025,https://25livepub.collegenet.com/calendars/25live-woodpec-cal?eventid=1220233915,1220233915,"Friday, May 16, 6am - Sunday, May 18, 2025, 8pm Woodruff PE Center Court #2, Woodruff PE Center Court #1, Woodruff PE Center Court #3, Woodruff PE Center Court #4, Woodruff PE Center Pool shallow end, Woodruff PE Center Pool lap lane, Woodruff PE Center Pool diving well / deep end, Woodruff PE…"
Women's Tennis Practice,https://25livepub.collegenet.com/calendars/25live-woodpec-cal?eventid=1221946074,1221946074,"Sunday, May 11, 2025, 10am - 1pm Woodruff PE Center Indoor Tennis court #7 (roof), Woodruff PE Center Indoor Tennis court #8 (roof), Woodruff PE Center Indoor Tennis court #9 (roof), Woodruff PE Center Indoor Tennis court #10 (roof), Woodruff PE Center Indoor Tennis Court  #11,…"
SOGA 2025,https://25livepub.collegenet.com/calendars/25live-woodpec-cal?eventid=1220233923,1220233923,"Friday, May 16, 6am - Sunday, May 18, 2025, 8pm Woodruff PE Center Court #2, Woodruff PE Center Court #1, Woodruff PE Center Court #3, Woodruff PE Center Court #4, Woodruff PE Center Pool shallow end, Woodruff PE Center Pool lap lane, Woodruff PE Center Pool diving well / deep end, Woodruff PE…"
Emory Dance Company Course,https://25livepub.collegenet.com/calendars/25live-woodpec-cal?eventid=1235867468,1235867468,"Sunday, May 11, 2025, 12:30 - 4pm Woodruff PE Center - Dance Studio"
SOGA 2025,https://25livepub.collegenet.com/calendars/25live-woodpec-cal?eventid=1220234435,1220234435,"Friday, May 16, 6am - Sunday, May 18, 2025, 8pm Woodruff PE Center Court #2, Woodruff PE Center Court #1, Woodruff PE Center Court #3, Woodruff PE Center Court #4, Woodruff PE Center Pool shallow end, Woodruff PE Center Pool lap lane, Woodruff PE Center Pool diving well / deep end, Woodruff PE…"
Men's Tennis Practice,https://25livepub.collegenet.com/calendars/25live-woodpec-cal?eventid=1222279442,1222279442,"Sunday, May 11, 2025, 1 - 4pm Woodruff PE Center Indoor Tennis court #7 (roof), Woodruff PE Center Indoor Tennis court #8 (roof), Woodruff PE Center Indoor Tennis court #9 (roof), Woodruff PE Center Indoor Tennis court #10 (roof), Woodruff PE Center Indoor Tennis Court  #11,…"
SOGA 2025,https://25livepub.collegenet.com/calendars/25live-woodpec-cal?eventid=1220234284,1220234284,"Friday, May 16, 6am - Sunday, May 18, 2025, 8pm Woodruff PE Center Court #2, Woodruff PE Center Court #1, Woodruff PE Center Court #3, Woodruff PE Center Court #4, Woodruff PE Center Pool shallow end, Woodruff PE Center Pool lap lane, Woodruff PE Center Pool diving well / deep end, Woodruff PE…"
Men's Tennis Practice,https://25livepub.collegenet.com/calendars/25live-woodpec-cal?eventid=1221900831,1221900831,"Sunday, May 11, 2025, 1 - 4pm Woodruff PE Center Indoor Tennis court #7 (roof), Woodruff PE Center Indoor Tennis court #8 (roof), Woodruff PE Center Indoor Tennis court #9 (roof), Woodruff PE Center Indoor Tennis court #10 (roof), Woodruff PE Center Indoor Tennis Court  #11,…"
SOGA 2025,https://25livepub.collegenet.com/calendars/25live-woodpec-cal?eventid=1220233929,1220233929,"Friday, May 16, 6am - Sunday, May 18, 2025, 8pm Woodruff PE Center Court #2, Woodruff PE Center Court #1, Woodruff PE Center Court #3, Woodruff PE Center Court #4, Woodruff PE Center Pool shallow end, Woodruff PE Center Pool lap lane, Woodruff PE Center Pool diving well / deep end, Woodruff PE…"
SOGA 2025,https://25livepub.collegenet.com/calendars/25live-woodpec-cal?eventid=1220233924,1220233924,"Friday, May 16, 6am - Sunday, May 18, 2025, 8pm Woodruff PE Center Court #2, Woodruff PE Center Court #1, Woodruff PE Center Court #3, Woodruff PE Center Court #4, Woodruff PE Center Pool shallow end, Woodruff PE Center Pool lap lane, Woodruff PE Center Pool diving well / deep end, Woodruff PE…"
SOGA 2025,https://25livepub.collegenet.com/calendars/25live-woodpec-cal?eventid=1220234433,1220234433,"Friday, May 16, 6am - Sunday, May 18, 2025, 8pm Woodruff PE Center Court #2, Woodruff PE Center Court #1, Woodruff PE Center Court #3, Woodruff PE Center Court #4, Woodruff PE Center Pool shallow end, Woodruff PE Center Pool lap lane, Woodruff PE Center Pool diving well / deep end, Woodruff PE…"
SOGA 2025,https://25livepub.collegenet.com/calendars/25live-woodpec-cal?eventid=1220254144,1220254144,"Friday, May 16, 6am - Sunday, May 18, 2025, 8pm Woodruff PE Center Court #2, Woodruff PE Center Court #1, Woodruff PE Center Court #3, Woodruff PE Center Court #4, Woodruff PE Center Pool shallow end, Woodruff PE Center Pool lap lane, Woodruff PE Center Pool diving well / deep end, Woodruff PE…"
SOGA #25000,https://25livepub.collegenet.com/calendars/25live-woodpec-cal?eventid=1271774487,1271774487,"Friday, May 16, 2025, 9am - 10pm Woodruff PE Center Mcdonough Field"
SOGA #25000,https://25livepub.collegenet.com/calendars/25live-woodpec-cal?eventid=1271774488,1271774488,"Saturday, May 17, 2025, 8am - 3:30pm Woodruff PE Center Mcdonough Field"
Track Practice,https://25livepub.collegenet.com/calendars/25live-woodpec-cal?eventid=1224316118,1224316118,"Friday, May 16, 2025, 2:30 - 5:30pm "
SOGA 2025,https://25livepub.collegenet.com/calendars/25live-woodpec-cal?eventid=1220253126,1220253126,"Friday, May 16, 6am - Sunday, May 18, 2025, 8pm Woodruff PE Center Court #2, Woodruff PE Center Court #1, Woodruff PE Center Court #3, Woodruff PE Center Court #4, Woodruff PE Center Pool shallow end, Woodruff PE Center Pool lap lane, Woodruff PE Center Pool diving well / deep end, Woodruff PE…"
CPR - Mason,https://25livepub.collegenet.com/calendars/25live-woodpec-cal?eventid=1269563415,1269563415,"Monday, May 19, 2025, 9 - 11am Woodruff PE Center small class room"
Track and Field Practice,https://25livepub.collegenet.com/calendars/25live-woodpec-cal?eventid=1226151362,1226151362,"Tuesday, May 20, 2025, 8 - 11am Woodruff PE Center Mcdonough Field"
Track and Field Practice,https://25livepub.collegenet.com/calendars/25live-woodpec-cal?eventid=1226151364,1226151364,"Wednesday, May 21, 2025, 8 - 11am Woodruff PE Center Mcdonough Field"
Track and Field Practice,https://25livepub.collegenet.com/calendars/25live-woodpec-cal?eventid=1226151366,1226151366,"Thursday, May 22, 2025, 8 - 11am Woodruff PE Center Mcdonough Field"
Track and Field Practice,https://25livepub.collegenet.com/calendars/25live-woodpec-cal?eventid=1226151368,1226151368,"Friday, May 23, 2025, 8 - 11am Woodruff PE Center Mcdonough Field"
SOGA 2025,https://25livepub.collegenet.com/calendars/25live-woodpec-cal?eventid=1220233920,1220233920,"Friday, May 16, 6am - Sunday, May 18, 2025, 8pm Woodruff PE Center Court #2, Woodruff PE Center Court #1, Woodruff PE Center Court #3, Woodruff PE Center Court #4, Woodruff PE Center Pool shallow end, Woodruff PE Center Pool lap lane, Woodruff PE Center Pool diving well / deep end, Woodruff PE…"
GX Inventory/Cleaning HOLD,https://25livepub.collegenet.com/calendars/25live-woodpec-cal?eventid=1262852737,1262852737,"Monday, May 19, 2025, 10am - 6pm Woodruff PE Center Aerobics Room"
GX Inventory/Cleaning HOLD,https://25livepub.collegenet.com/calendars/25live-woodpec-cal?eventid=1262852738,1262852738,"Tuesday, May 20, 2025, 10am - 6pm Woodruff PE Center Aerobics Room"
GX Inventory/Cleaning HOLD,https://25livepub.collegenet.com/calendars/25live-woodpec-cal?eventid=1262852739,1262852739,"Wednesday, May 21, 2025, 10am - 6pm Woodruff PE Center Aerobics Room"
Hall of Fame Meeting - JJ,https://25livepub.collegenet.com/calendars/25live-woodpec-cal?eventid=1269598988,1269598988,"Thursday, May 22, 2025, 9:30am - 12pm Woodruff PE Center Large class room"
Track and Field Practice,https://25livepub.collegenet.com/calendars/25live-woodpec-cal?eventid=1226151369,1226151369,"Friday, May 23, 2025, 1 - 3pm Woodruff PE Center Mcdonough Field"
SOGA 2025,https://25livepub.collegenet.com/calendars/25live-woodpec-cal?eventid=1220233915,1220233915,"Friday, May 16, 6am - Sunday, May 18, 2025, 8pm Woodruff PE Center Court #2, Woodruff PE Center Court #1, Woodruff PE Center Court #3, Woodruff PE Center Court #4, Woodruff PE Center Pool shallow end, Woodruff PE Center Pool lap lane, Woodruff PE Center Pool diving well / deep end, Woodruff PE…"
Track Practice,https://25livepub.collegenet.com/calendars/25live-woodpec-cal?eventid=1224316119,1224316119,"Monday, May 19, 2025, 2:30 - 5:30pm Woodruff PE Center Outdoor track"
Corbin Basketball,https://25livepub.collegenet.com/calendars/25live-woodpec-cal?eventid=1271662008,1271662008,"Tuesday, May 20, 2025, 11am - 2pm Woodruff PE Center small class room"
Track and Field Practice,https://25livepub.collegenet.com/calendars/25live-woodpec-cal?eventid=1226151365,1226151365,"Wednesday, May 21, 2025, 1 - 3pm Woodruff PE Center Mcdonough Field"
GX Inventory/Cleaning HOLD,https://25livepub.collegenet.com/calendars/25live-woodpec-cal?eventid=1262852740,1262852740,"Thursday, May 22, 2025, 10am - 6pm Woodruff PE Center Aerobics Room"
Track Practice,https://25livepub.collegenet.com/calendars/25live-woodpec-cal?eventid=1224316123,1224316123,"Friday, May 23, 2025, 2:30 - 5:30pm Woodruff PE Center Outdoor track"
SOGA 2025,https://25livepub.collegenet.com/calendars/25live-woodpec-cal?eventid=1220233923,1220233923,"Friday, May 16, 6am - Sunday, May 18, 2025, 8pm Woodruff PE Center Court #2, Woodruff PE Center Court #1, Woodruff PE Center Court #3, Woodruff PE Center Court #4, Woodruff PE Center Pool shallow end, Woodruff PE Center Pool lap lane, Woodruff PE Center Pool diving well / deep end, Woodruff PE…"
Track and Field Practice,https://25livepub.collegenet.com/calendars/25live-woodpec-cal?eventid=1226151363,1226151363,"Tuesday, May 20, 2025, 1 - 3pm Woodruff PE Center Mcdonough Field"
Track Practice,https://25livepub.collegenet.com/calendars/25live-woodpec-cal?eventid=1224316121,1224316121,"Wednesday, May 21, 2025, 2:30 - 5:30pm Woodruff PE Center Outdoor track"
Sports Medicine - Dunham,https://25livepub.collegenet.com/calendars/25live-woodpec-cal?eventid=1212321747,1212321747,"Thursday, May 22, 2025, 11:30am - 12:30pm Woodruff PE Center small class room"
SOGA 2025,https://25livepub.collegenet.com/calendars/25live-woodpec-cal?eventid=1220234435,1220234435,"Friday, May 16, 6am - Sunday, May 18, 2025, 8pm Woodruff PE Center Court #2, Woodruff PE Center Court #1, Woodruff PE Center Court #3, Woodruff PE Center Court #4, Woodruff PE Center Pool shallow end, Woodruff PE Center Pool lap lane, Woodruff PE Center Pool diving well / deep end, Woodruff PE…"
Track Practice,https://25livepub.collegenet.com/calendars/25live-woodpec-cal?eventid=1224316120,1224316120,"Tuesday, May 20, 2025, 2:30 - 5:30pm Woodruff PE Center Outdoor track"
Sports Medicine - Dunham,https://25livepub.collegenet.com/calendars/25live-woodpec-cal?eventid=1181321930,1181321930,"Thursday, May 22, 2025, 11:30am - 12:30pm Woodruff PE Center small class room"
SOGA 2025,https://25livepub.collegenet.com/calendars/25live-woodpec-cal?eventid=1220234284,1220234284,"Friday, May 16, 6am - Sunday, May 18, 2025, 8pm Woodruff PE Center Court #2, Woodruff PE Center Court #1, Woodruff PE Center Court #3, Woodruff PE Center Court #4, Woodruff PE Center Pool shallow end, Woodruff PE Center Pool lap lane, Woodruff PE Center Pool diving well / deep end, Woodruff PE…"
Track and Field Practice,https://25livepub.collegenet.com/calendars/25live-woodpec-cal?eventid=1226151367,1226151367,"Thursday, May 22, 2025, 1 - 3pm Woodruff PE Center Mcdonough Field"
SOGA 2025,https://25livepub.collegenet.com/calendars/25live-woodpec-cal?eventid=1220233929,1220233929,"Friday, May 16, 6am - Sunday, May 18, 2025, 8pm Woodruff PE Center Court #2, Woodruff PE Center Court #1, Woodruff PE Center Court #3, Woodruff PE Center Court #4, Woodruff PE Center Pool shallow end, Woodruff PE Center Pool lap lane, Woodruff PE Center Pool diving well / deep end, Woodruff PE…"
Track Practice,https://25livepub.collegenet.com/calendars/25live-woodpec-cal?eventid=1224316122,1224316122,"Thursday, May 22, 2025, 2:30 - 5:30pm Woodruff PE Center Outdoor track"
SOGA 2025,https://25livepub.collegenet.com/calendars/25live-woodpec-cal?eventid=1220233924,1220233924,"Friday, May 16, 6am - Sunday, May 18, 2025, 8pm Woodruff PE Center Court #2, Woodruff PE Center Court #1, Woodruff PE Center Court #3, Woodruff PE Center Court #4, Woodruff PE Center Pool shallow end, Woodruff PE Center Pool lap lane, Woodruff PE Center Pool diving well / deep end, Woodruff PE…"
SOGA 2025,https://25livepub.collegenet.com/calendars/25live-woodpec-cal?eventid=1220234433,1220234433,"Friday, May 16, 6am - Sunday, May 18, 2025, 8pm Woodruff PE Center Court #2, Woodruff PE Center Court #1, Woodruff PE Center Court #3, Woodruff PE Center Court #4, Woodruff PE Center Pool shallow end, Woodruff PE Center Pool lap lane, Woodruff PE Center Pool diving well / deep end, Woodruff PE…"
SOGA 2025,https://25livepub.collegenet.com/calendars/25live-woodpec-cal?eventid=1220254144,1220254144,"Friday, May 16, 6am - Sunday, May 18, 2025, 8pm Woodruff PE Center Court #2, Woodruff PE Center Court #1, Woodruff PE Center Court #3, Woodruff PE Center Court #4, Woodruff PE Center Pool shallow end, Woodruff PE Center Pool lap lane, Woodruff PE Center Pool diving well / deep end, Woodruff PE…"
GX Inventory/Cleaning HOLD,https://25livepub.collegenet.com/calendars/25live-woodpec-cal?eventid=1262850988,1262850988,"Monday, May 26, 2025, 10am - 6pm Woodruff PE Center multipurpose room, wrestling,aerobics,yoga,martial arts"
Bleacher Removal/Construction,https://25livepub.collegenet.com/calendars/25live-woodpec-cal?eventid=1268231569,1268231569,"Tuesday, May 27, 2025, 6am - 11pm Woodruff PE Center Court #2, Woodruff PE Center Court #1"
Bleacher Removal/Construction,https://25livepub.collegenet.com/calendars/25live-woodpec-cal?eventid=1268231570,1268231570,"Wednesday, May 28, 2025, 6am - 11pm Woodruff PE Center Court #2, Woodruff PE Center Court #1"
Bleacher Removal/Construction,https://25livepub.collegenet.com/calendars/25live-woodpec-cal?eventid=1268231571,1268231571,"Thursday, May 29, 2025, 6am - 11pm Woodruff PE Center Court #2, Woodruff PE Center Court #1"
Bleacher Removal/Construction,https://25livepub.collegenet.com/calendars/25live-woodpec-cal?eventid=1268231572,1268231572,"Friday, May 30, 2025, 6am - 11pm Woodruff PE Center Court #2, Woodruff PE Center Court #1"
Bleacher Removal/Construction,https://25livepub.collegenet.com/calendars/25live-woodpec-cal?eventid=1268231573,1268231573,"Saturday, May 31, 2025, 6am - 11pm Woodruff PE Center Court #2, Woodruff PE Center Court #1"
Track Practice,https://25livepub.collegenet.com/calendars/25live-woodpec-cal?eventid=1224316124,1224316124,"Monday, May 26, 2025, 2:30 - 5:30pm Woodruff PE Center Outdoor track"
GX Inventory/Cleaning HOLD,https://25livepub.collegenet.com/calendars/25live-woodpec-cal?eventid=1262850989,1262850989,"Tuesday, May 27, 2025, 10am - 6pm Woodruff PE Center multipurpose room, wrestling,aerobics,yoga,martial arts"
Sports Medicine - Dunham,https://25livepub.collegenet.com/calendars/25live-woodpec-cal?eventid=1181229288,1181229288,"Wednesday, May 28, 2025, 9:30 - 11am Woodruff PE Center small class room"
GX Inventory/Cleaning HOLD,https://25livepub.collegenet.com/calendars/25live-woodpec-cal?eventid=1262850991,1262850991,"Thursday, May 29, 2025, 10am - 6pm Woodruff PE Center multipurpose room, wrestling,aerobics,yoga,martial arts"
Summer Camp Training,https://25livepub.collegenet.com/calendars/25live-woodpec-cal?eventid=1254676605,1254676605,"Friday, May 30, 2025, 10am - 5pm Woodruff PE Center Large class room"
Track Practice,https://25livepub.collegenet.com/calendars/25live-woodpec-cal?eventid=1224316125,1224316125,"Tuesday, May 27, 2025, 2:30 - 5:30pm Woodruff PE Center Outdoor track"
GX Inventory/Cleaning HOLD,https://25livepub.collegenet.com/calendars/25live-woodpec-cal?eventid=1262850990,1262850990,"Wednesday, May 28, 2025, 10am - 6pm Woodruff PE Center multipurpose room, wrestling,aerobics,yoga,martial arts"
Summer Camp Training,https://25livepub.collegenet.com/calendars/25live-woodpec-cal?eventid=1254676604,1254676604,"Thursday, May 29, 2025, 10am - 5pm Woodruff PE Center Large class room"
Track Practice,https://25livepub.collegenet.com/calendars/25live-woodpec-cal?eventid=1224316128,1224316128,"Friday, May 30, 2025, 2:30 - 5:30pm Woodruff PE Center Outdoor track"
Summer Camp Training,https://25livepub.collegenet.com/calendars/25live-woodpec-cal?eventid=1254676603,1254676603,"Wednesday, May 28, 2025, 10am - 5pm Woodruff PE Center Large class room"
Track Practice,https://25livepub.collegenet.com/calendars/25live-woodpec-cal?eventid=1224316127,1224316127,"Thursday, May 29, 2025, 2:30 - 5:30pm Woodruff PE Center Outdoor track"
Track Practice,https://25livepub.collegenet.com/calendars/25live-woodpec-cal?eventid=1224316126,1224316126,"Wednesday, May 28, 2025, 2:30 - 5:30pm Woodruff PE Center Outdoor track"
FitWell Team Meeting,https://25livepub.collegenet.com/calendars/25live-woodpec-cal?eventid=1233182562,1233182562,"Thursday, May 8, 2025, 11am - 12pm Woodruff PE Center 2nd conference room"
Stretch (Maki),https://25livepub.collegenet.com/calendars/25live-woodpec-cal?eventid=1269826479,1269826479,"Friday, May 9, 2025, 2 - 3pm Woodruff PE Center Aerobics Room"
Mosaic EOY Celebration (Reception),https://25livepub.collegenet.com/calendars/25live-woodpec-cal?eventid=1270475895,1270475895,"Saturday, May 10, 2025, 4:30 - 6:30pm Woodruff PE Center Mcdonough Field, Woodruff PE Center Mcdonough Stage"
Emory Dance Company Course,https://25livepub.collegenet.com/calendars/25live-woodpec-cal?eventid=1235867462,1235867462,"Sunday, May 4, 2025, 12:30 - 4pm Woodruff PE Center - Dance Studio"
CPR - Mason,https://25livepub.collegenet.com/calendars/25live-woodpec-cal?eventid=1269563464,1269563464,"Monday, May 5, 2025, 9 - 11am Woodruff PE Center Large class room"
EXAM: PE 167 2 3244,https://25livepub.collegenet.com/calendars/25live-woodpec-cal?eventid=1245559162,1245559162,"Tuesday, May 6, 2025, 8 - 10:30am Woodruff PE Center Aerobics Room"
EXAM: PE 194 1 3285,https://25livepub.collegenet.com/calendars/25live-woodpec-cal?eventid=1245559165,1245559165,"Wednesday, May 7, 2025, 8 - 10:30am Woodruff PE Center Aerobics Room"
Sports Medicine - Dunham,https://25livepub.collegenet.com/calendars/25live-woodpec-cal?eventid=1212321746,1212321746,"Thursday, May 8, 2025, 11:30am - 12:30pm Woodruff PE Center small class room"
Men's Tennis Practice,https://25livepub.collegenet.com/calendars/25live-woodpec-cal?eventid=1221902319,1221902319,"Friday, May 9, 2025, 2:15 - 4:15pm Woodruff PE Center All Indoor Tennis courts"
Men's Tennis Practice,https://25livepub.collegenet.com/calendars/25live-woodpec-cal?eventid=1222279441,1222279441,"Sunday, May 4, 2025, 1 - 4pm Woodruff PE Center Indoor Tennis court #7 (roof), Woodruff PE Center Indoor Tennis court #8 (roof), Woodruff PE Center Indoor Tennis court #9 (roof), Woodruff PE Center Indoor Tennis court #10 (roof), Woodruff PE Center Indoor Tennis Court  #11,…"
Purpose Project,https://25livepub.collegenet.com/calendars/25live-woodpec-cal?eventid=1272338691,1272338691,"Monday, May 5, 2025, 9:30am - 12pm Woodruff PE Center 2nd conference room"
EXAM: PE 167 1 3242,https://25livepub.collegenet.com/calendars/25live-woodpec-cal?eventid=1245595042,1245595042,"Tuesday, May 6, 2025, 11:30am - 2pm Woodruff PE Center multipurpose room, wrestling,aerobics,yoga,martial arts"
EXAM: DANC 323R 1 2834,https://25livepub.collegenet.com/calendars/25live-woodpec-cal?eventid=1245595056,1245595056,"Wednesday, May 7, 2025, 11:30am - 2pm Woodruff PE Center - Dance Studio"
Sports Medicine - Dunham,https://25livepub.collegenet.com/calendars/25live-woodpec-cal?eventid=1181321929,1181321929,"Thursday, May 8, 2025, 11:30am - 12:30pm Woodruff PE Center small class room"
Men's Tennis Practice,https://25livepub.collegenet.com/calendars/25live-woodpec-cal?eventid=1221900830,1221900830,"Friday, May 9, 2025, 2:15 - 4:15pm Woodruff PE Center All Outdoor Tennis courts"
Men's Tennis Practice,https://25livepub.collegenet.com/calendars/25live-woodpec-cal?eventid=1221900809,1221900809,"Sunday, May 4, 2025, 1 - 4pm Woodruff PE Center Indoor Tennis court #7 (roof), Woodruff PE Center Indoor Tennis court #8 (roof), Woodruff PE Center Indoor Tennis court #9 (roof), Woodruff PE Center Indoor Tennis court #10 (roof), Woodruff PE Center Indoor Tennis Court  #11,…"
EXAM: PE 191 1 3271,https://25livepub.collegenet.com/calendars/25live-woodpec-cal?eventid=1245595040,1245595040,"Monday, May 5, 2025, 11:30am - 2pm Woodruff PE Center multipurpose room, wrestling,aerobics,yoga,martial arts"
EXAM: DANC 123R 1 2731,https://25livepub.collegenet.com/calendars/25live-woodpec-cal?eventid=1245595053,1245595053,"Tuesday, May 6, 2025, 11:30am - 2pm Woodruff PE Center - Dance Studio"
Emory Qualifier,https://25livepub.collegenet.com/calendars/25live-woodpec-cal?eventid=1224572052,1224572052,"Wednesday, May 7, 2025, 12 - 9pm Woodruff PE Center Atrium, Woodruff PE Center Outdoor track, Woodruff PE Center Soccer Field"
Track Practice,https://25livepub.collegenet.com/calendars/25live-woodpec-cal?eventid=1224316112,1224316112,"Thursday, May 8, 2025, 2:30 - 5:30pm Woodruff PE Center Outdoor track"
Men's Tennis Practice,https://25livepub.collegenet.com/calendars/25live-woodpec-cal?eventid=1221900829,1221900829,"Friday, May 9, 2025, 2:15pm Woodruff PE Center All Outdoor Tennis courts"
EXAM: DANC 423R 1 2838,https://25livepub.collegenet.com/calendars/25live-woodpec-cal?eventid=1245595051,1245595051,"Monday, May 5, 2025, 11:30am - 2pm Woodruff PE Center - Dance Studio"
EXAM: PE 112 1 3194,https://25livepub.collegenet.com/calendars/25live-woodpec-cal?eventid=1245593107,1245593107,"Tuesday, May 6, 2025, 11:30am - 2pm Woodruff PE Center Pool shallow end, Woodruff PE Center Pool lap lane, Woodruff PE Center Pool diving well / deep end, Woodruff PE Center Pool"
Emory Qualifier,https://25livepub.collegenet.com/calendars/25live-woodpec-cal?eventid=1224571034,1224571034,"Wednesday, May 7, 2025, 12 - 9pm Woodruff PE Center Atrium, Woodruff PE Center Outdoor track, Woodruff PE Center Soccer Field"
Women's Tennis Practice,https://25livepub.collegenet.com/calendars/25live-woodpec-cal?eventid=1221946283,1221946283,"Thursday, May 8, 2025, 2:30 - 4:30pm Woodruff PE Center All Outdoor Tennis courts, Woodruff PE Center All Indoor Tennis courts"
Hatha Yoga (Jia),https://25livepub.collegenet.com/calendars/25live-woodpec-cal?eventid=1269827384,1269827384,"Friday, May 9, 2025, 2:30 - 3:30pm Woodruff PE Center multipurpose room, wrestling,aerobics,yoga,martial arts"
EXAM: PE 167 4 3251,https://25livepub.collegenet.com/calendars/25live-woodpec-cal?eventid=1245559160,1245559160,"Monday, May 5, 2025, 11:30am - 2pm Woodruff PE Center Aerobics Room"
EXAM: PE 130 1 3236,https://25livepub.collegenet.com/calendars/25live-woodpec-cal?eventid=1245559163,1245559163,"Tuesday, May 6, 2025, 11:30am - 2pm Woodruff PE Center Aerobics Room"
Emory Qualifier,https://25livepub.collegenet.com/calendars/25live-woodpec-cal?eventid=1224568340,1224568340,"Wednesday, May 7, 2025, 12 - 9pm Woodruff PE Center Atrium, Woodruff PE Center Outdoor track, Woodruff PE Center Soccer Field"
Women's Tennis Practice,https://25livepub.collegenet.com/calendars/25live-woodpec-cal?eventid=1221946072,1221946072,"Thursday, May 8, 2025, 2:30 - 4:30pm Woodruff PE Center All Outdoor Tennis courts, Woodruff PE Center All Indoor Tennis courts"
Track Practice,https://25livepub.collegenet.com/calendars/25live-woodpec-cal?eventid=1224316113,1224316113,"Friday, May 9, 2025, 2:30 - 5:30pm Woodruff PE Center Outdoor track"
Tennis Selection Shows,https://25livepub.collegenet.com/calendars/25live-woodpec-cal?eventid=1271696343,1271696343,"Monday, May 5, 2025, 12 - 1pm Woodruff PE Center small class room, Woodruff PE Center Large class room"
OR Student Employee Interviews,https://25livepub.collegenet.com/calendars/25live-woodpec-cal?eventid=1272453920,1272453920,"Tuesday, May 6, 2025, 1:40 - 2:10pm Woodruff PE Center 2nd conference room"
Athletic & Recreation Leadership Meeting,https://25livepub.collegenet.com/calendars/25live-woodpec-cal?eventid=1175327294,1175327294,"Wednesday, May 7, 2025, 1 - 3pm Woodruff PE Center small class room"
Align & Flow Yoga (Stacy),https://25livepub.collegenet.com/calendars/25live-woodpec-cal?eventid=1269827381,1269827381,"Thursday, May 8, 2025, 4 - 5pm Woodruff PE Center multipurpose room, wrestling,aerobics,yoga,martial arts"
Emory Dance Company Course,https://25livepub.collegenet.com/calendars/25live-woodpec-cal?eventid=1235867466,1235867466,"Friday, May 9, 2025, 2:30 - 6pm Woodruff PE Center - Dance Studio"
Tennis Selection Shows,https://25livepub.collegenet.com/calendars/25live-woodpec-cal?eventid=1271695596,1271695596,"Monday, May 5, 2025, 12 - 1pm Woodruff PE Center small class room, Woodruff PE Center Large class room"
Track Practice,https://25livepub.collegenet.com/calendars/25live-woodpec-cal?eventid=1224316110,1224316110,"Tuesday, May 6, 2025, 2:30 - 5:30pm Woodruff PE Center Outdoor track"
Men's Tennis Practice,https://25livepub.collegenet.com/calendars/25live-woodpec-cal?eventid=1221902315,1221902315,"Wednesday, May 7, 2025, 2:30 - 4:30pm Woodruff PE Center Indoor Tennis court #10 (roof), Woodruff PE Center All Outdoor Tennis courts, Woodruff PE Center All Indoor Tennis courts"
Men's Tennis Practice,https://25livepub.collegenet.com/calendars/25live-woodpec-cal?eventid=1221902317,1221902317,"Thursday, May 8, 2025, 4:30 - 6:30pm Woodruff PE Center All Outdoor Tennis courts, Woodruff PE Center All Indoor Tennis courts"
Laney Reception for Master's & PhD,https://25livepub.collegenet.com/calendars/25live-woodpec-cal?eventid=1270134326,1270134326,"Friday, May 9, 2025, 4 - 5pm Woodruff PE Center Mcdonough Field, Woodruff PE Center Mcdonough Stage"
Track Practice,https://25livepub.collegenet.com/calendars/25live-woodpec-cal?eventid=1224316109,1224316109,"Monday, May 5, 2025, 2:30 - 5:30pm Woodruff PE Center Outdoor track"
Women's Tennis Practice,https://25livepub.collegenet.com/calendars/25live-woodpec-cal?eventid=1221946281,1221946281,"Tuesday, May 6, 2025, 2:30 - 4:30pm Woodruff PE Center All Outdoor Tennis courts, Woodruff PE Center All Indoor Tennis courts"
Men's Tennis Practice,https://25livepub.collegenet.com/calendars/25live-woodpec-cal?eventid=1221900827,1221900827,"Wednesday, May 7, 2025, 2:30 - 4:30pm Woodruff PE Center Indoor Tennis court #10 (roof), Woodruff PE Center All Outdoor Tennis courts, Woodruff PE Center All Indoor Tennis courts"
Men's Tennis Practice,https://25livepub.collegenet.com/calendars/25live-woodpec-cal?eventid=1221900828,1221900828,"Thursday, May 8, 2025, 4:30 - 6:30pm Woodruff PE Center All Outdoor Tennis courts, Woodruff PE Center All Indoor Tennis courts"
Women's Tennis Practice,https://25livepub.collegenet.com/calendars/25live-woodpec-cal?eventid=1222083515,1222083515,"Friday, May 9, 2025, 4:15 - 6pm Woodruff PE Center Indoor Tennis court #7 (roof), Woodruff PE Center Indoor Tennis court #8 (roof), Woodruff PE Center Indoor Tennis court #9 (roof), Woodruff PE Center Indoor Tennis court #10 (roof), Woodruff PE Center Indoor Tennis Court  #11,…"
Men's Tennis Practice,https://25livepub.collegenet.com/calendars/25live-woodpec-cal?eventid=1221902311,1221902311,"Monday, May 5, 2025, 2:30 - 4:30pm Woodruff PE Center Indoor Tennis court #10 (roof), Woodruff PE Center All Outdoor Tennis courts, Woodruff PE Center All Indoor Tennis courts"
Women's Tennis Practice,https://25livepub.collegenet.com/calendars/25live-woodpec-cal?eventid=1221946070,1221946070,"Tuesday, May 6, 2025, 2:30 - 4:30pm Woodruff PE Center All Outdoor Tennis courts, Woodruff PE Center All Indoor Tennis courts"
EXAM: PE 189 1 3267,https://25livepub.collegenet.com/calendars/25live-woodpec-cal?eventid=1245595044,1245595044,"Wednesday, May 7, 2025, 3 - 5:30pm Woodruff PE Center multipurpose room, wrestling,aerobics,yoga,martial arts"
Proprio-Vinyasa Flow (Maggie),https://25livepub.collegenet.com/calendars/25live-woodpec-cal?eventid=1269827382,1269827382,"Thursday, May 8, 2025, 5:30 - 6:30pm Woodruff PE Center multipurpose room, wrestling,aerobics,yoga,martial arts"
Women's Tennis Practice,https://25livepub.collegenet.com/calendars/25live-woodpec-cal?eventid=1221946073,1221946073,"Friday, May 9, 2025, 4:15 - 6pm Woodruff PE Center Indoor Tennis court #7 (roof), Woodruff PE Center Indoor Tennis court #8 (roof), Woodruff PE Center Indoor Tennis court #9 (roof), Woodruff PE Center Indoor Tennis court #10 (roof), Woodruff PE Center Indoor Tennis Court  #11,…"
Men's Tennis Practice,https://25livepub.collegenet.com/calendars/25live-woodpec-cal?eventid=1221900810,1221900810,"Monday, May 5, 2025, 2:30 - 4:30pm Woodruff PE Center Indoor Tennis court #10 (roof), Woodruff PE Center All Outdoor Tennis courts, Woodruff PE Center All Indoor Tennis courts"
EXAM: PE 285 1 5154,https://25livepub.collegenet.com/calendars/25live-woodpec-cal?eventid=1247138392,1247138392,"Tuesday, May 6, 2025, 3 - 5:30pm Woodruff PE Center multipurpose room, wrestling,aerobics,yoga,martial arts"
EXAM: DANC 322R 1 2833,https://25livepub.collegenet.com/calendars/25live-woodpec-cal?eventid=1245595057,1245595057,"Wednesday, May 7, 2025, 3 - 5:30pm Woodruff PE Center - Dance Studio"
Emory Dance Company Course,https://25livepub.collegenet.com/calendars/25live-woodpec-cal?eventid=1235867465,1235867465,"Thursday, May 8, 2025, 5:30 - 9pm Woodruff PE Center - Dance Studio"
EXAM: PE 191 2 3583,https://25livepub.collegenet.com/calendars/25live-woodpec-cal?eventid=1245595041,1245595041,"Monday, May 5, 2025, 3 - 5:30pm Woodruff PE Center multipurpose room, wrestling,aerobics,yoga,martial arts"
EXAM: DANC 123R 2 2732,https://25livepub.collegenet.com/calendars/25live-woodpec-cal?eventid=1245595054,1245595054,"Tuesday, May 6, 2025, 3 - 5:30pm Woodruff PE Center - Dance Studio"
EXAM: PE 167 5 3255,https://25livepub.collegenet.com/calendars/25live-woodpec-cal?eventid=1245559166,1245559166,"Wednesday, May 7, 2025, 3 - 5:30pm Woodruff PE Center Aerobics Room"
Spin (Kristin),https://25livepub.collegenet.com/calendars/25live-woodpec-cal?eventid=1269822624,1269822624,"Thursday, May 8, 2025, 6 - 6:50pm Woodruff PE Center Cycling Studio"
EXAM: DANC 150R 1 2728,https://25livepub.collegenet.com/calendars/25live-woodpec-cal?eventid=1245595052,1245595052,"Monday, May 5, 2025, 3 - 5:30pm Woodruff PE Center - Dance Studio"
EXAM: PE 194 2 3289,https://25livepub.collegenet.com/calendars/25live-woodpec-cal?eventid=1245559164,1245559164,"Tuesday, May 6, 2025, 3 - 5:30pm Woodruff PE Center Aerobics Room"
Women's Tennis Practice,https://25livepub.collegenet.com/calendars/25live-woodpec-cal?eventid=1221946282,1221946282,"Wednesday, May 7, 2025, 4:30 - 6:30pm Woodruff PE Center All Outdoor Tennis courts, Woodruff PE Center All Indoor Tennis courts"
Class Day Crossover McDonough Party,https://25livepub.collegenet.com/calendars/25live-woodpec-cal?eventid=1261684276,1261684276,"Thursday, May 8, 2025, 8:30 - 11pm Woodruff PE Center Mcdonough Field, Woodruff PE Center Mcdonough Stage"
EXAM: PE 162 1 5153,https://25livepub.collegenet.com/calendars/25live-woodpec-cal?eventid=1245559161,1245559161,"Monday, May 5, 2025, 3 - 5:30pm Woodruff PE Center Aerobics Room"
Men's Tennis Practice,https://25livepub.collegenet.com/calendars/25live-woodpec-cal?eventid=1221902312,1221902312,"Tuesday, May 6, 2025, 4:30 - 6:30pm Woodruff PE Center All Outdoor Tennis courts, Woodruff PE Center All Indoor Tennis courts"
Women's Tennis Practice,https://25livepub.collegenet.com/calendars/25live-woodpec-cal?eventid=1221946071,1221946071,"Wednesday, May 7, 2025, 4:30 - 6:30pm Woodruff PE Center All Outdoor Tennis courts, Woodruff PE Center All Indoor Tennis courts"
WERQ (Christy),https://25livepub.collegenet.com/calendars/25live-woodpec-cal?eventid=1269826477,1269826477,"Monday, May 5, 2025, 5:30 - 6:30pm Woodruff PE Center Aerobics Room"
Men's Tennis Practice,https://25livepub.collegenet.com/calendars/25live-woodpec-cal?eventid=1221900826,1221900826,"Tuesday, May 6, 2025, 4:30 - 6:30pm Woodruff PE Center All Outdoor Tennis courts, Woodruff PE Center All Indoor Tennis courts"
Emory Dance Company Course,https://25livepub.collegenet.com/calendars/25live-woodpec-cal?eventid=1235867464,1235867464,"Wednesday, May 7, 2025, 5:30 - 9pm Woodruff PE Center - Dance Studio"
Emory Dance Company Course,https://25livepub.collegenet.com/calendars/25live-woodpec-cal?eventid=1235867463,1235867463,"Tuesday, May 6, 2025, 5:30 - 9pm Woodruff PE Center - Dance Studio"
Taekwondo,https://25livepub.collegenet.com/calendars/25live-woodpec-cal?eventid=1270449760,1270449760,"Wednesday, May 7, 2025, 5:30 - 7pm Woodruff PE Center Aerobics Room"
Spin (Kristin),https://25livepub.collegenet.com/calendars/25live-woodpec-cal?eventid=1269822623,1269822623,"Wednesday, May 7, 2025, 6 - 6:50pm Woodruff PE Center Cycling Studio"
Graduation 2025,https://25livepub.collegenet.com/calendars/25live-woodpec-cal?eventid=1268231566,1268231566,"Sunday, May 11, 2025, 6am - 11pm Woodruff PE Center Court #2, Woodruff PE Center Court #1, Woodruff PE Center Court #3, Woodruff PE Center Court #4"
Graduation 2025,https://25livepub.collegenet.com/calendars/25live-woodpec-cal?eventid=1268231567,1268231567,"Monday, May 12, 2025, 6am - 11pm Woodruff PE Center Court #2, Woodruff PE Center Court #1, Woodruff PE Center Court #3, Woodruff PE Center Court #4"
Graduation 2025,https://25livepub.collegenet.com/calendars/25live-woodpec-cal?eventid=1268231568,1268231568,"Tuesday, May 13, 2025, 6am - 11pm Woodruff PE Center Court #2, Woodruff PE Center Court #1, Woodruff PE Center Court #3, Woodruff PE Center Court #4"
Women's Tennis Practice,https://25livepub.collegenet.com/calendars/25live-woodpec-cal?eventid=1221946279,1221946279,"Wednesday, April 30, 2025, 4:30 - 6:30pm Woodruff PE Center All Outdoor Tennis courts, Woodruff PE Center All Indoor Tennis courts"
Track Practice,https://25livepub.collegenet.com/calendars/25live-woodpec-cal?eventid=1224316107,1224316107,"Thursday, May 1, 2025, 2:30 - 5:30pm Woodruff PE Center Outdoor track"
Mat Pilates (Savvy),https://25livepub.collegenet.com/calendars/25live-woodpec-cal?eventid=1269827380,1269827380,"Friday, May 2, 2025, 3:45 - 4:45pm Woodruff PE Center multipurpose room, wrestling,aerobics,yoga,martial arts"
Men's Tennis Practice,https://25livepub.collegenet.com/calendars/25live-woodpec-cal?eventid=1221900802,1221900802,"Sunday, April 27, 2025, 1 - 4pm Woodruff PE Center Indoor Tennis court #7 (roof), Woodruff PE Center Indoor Tennis court #8 (roof), Woodruff PE Center Indoor Tennis court #9 (roof), Woodruff PE Center Indoor Tennis court #10 (roof), Woodruff PE Center Indoor Tennis Court  #11,…"
Eagle Edge,https://25livepub.collegenet.com/calendars/25live-woodpec-cal?eventid=1269885229,1269885229,"Monday, April 28, 2025, 12 - 4pm Woodruff PE Center small class room"
Men's Tennis Practice,https://25livepub.collegenet.com/calendars/25live-woodpec-cal?eventid=1221900804,1221900804,"Tuesday, April 29, 2025, 4:30 - 6:30pm Woodruff PE Center All Outdoor Tennis courts, Woodruff PE Center All Indoor Tennis courts"
Women's Tennis Practice,https://25livepub.collegenet.com/calendars/25live-woodpec-cal?eventid=1221946066,1221946066,"Wednesday, April 30, 2025, 4:30 - 6:30pm Woodruff PE Center All Outdoor Tennis courts, Woodruff PE Center All Indoor Tennis courts"
Women's Tennis Practice,https://25livepub.collegenet.com/calendars/25live-woodpec-cal?eventid=1221946280,1221946280,"Thursday, May 1, 2025, 2:30 - 4:30pm Woodruff PE Center All Outdoor Tennis courts, Woodruff PE Center All Indoor Tennis courts"
Women's Tennis Practice,https://25livepub.collegenet.com/calendars/25live-woodpec-cal?eventid=1222083513,1222083513,"Friday, May 2, 2025, 4:15 - 6pm Woodruff PE Center Indoor Tennis court #7 (roof), Woodruff PE Center Indoor Tennis court #8 (roof), Woodruff PE Center Indoor Tennis court #9 (roof), Woodruff PE Center Indoor Tennis court #10 (roof), Woodruff PE Center Indoor Tennis Court  #11,…"
Water Polo Practice (IMSC),https://25livepub.collegenet.com/calendars/25live-woodpec-cal?eventid=1235050945,1235050945,"Sunday, April 27, 2025, 1 - 3pm Woodruff PE Center Pool diving well / deep end"
PE 191 1 3271,https://25livepub.collegenet.com/calendars/25live-woodpec-cal?eventid=1222893588,1222893588,"Monday, April 28, 2025, 1 - 2:15pm Woodruff PE Center multipurpose room, wrestling,aerobics,yoga,martial arts"
Hatha Yoga (Savvy),https://25livepub.collegenet.com/calendars/25live-woodpec-cal?eventid=1269800116,1269800116,"Tuesday, April 29, 2025, 5:15 - 6:15pm Woodruff PE Center multipurpose room, wrestling,aerobics,yoga,martial arts"
Cardio Blast (Amanda),https://25livepub.collegenet.com/calendars/25live-woodpec-cal?eventid=1269800118,1269800118,"Wednesday, April 30, 2025, 5:30 - 6:30pm Woodruff PE Center Aerobics Room"
Women's Tennis Practice,https://25livepub.collegenet.com/calendars/25live-woodpec-cal?eventid=1221946067,1221946067,"Thursday, May 1, 2025, 2:30 - 4:30pm Woodruff PE Center All Outdoor Tennis courts, Woodruff PE Center All Indoor Tennis courts"
Women's Tennis Practice,https://25livepub.collegenet.com/calendars/25live-woodpec-cal?eventid=1221946068,1221946068,"Friday, May 2, 2025, 4:15 - 6pm Woodruff PE Center Indoor Tennis court #7 (roof), Woodruff PE Center Indoor Tennis court #8 (roof), Woodruff PE Center Indoor Tennis court #9 (roof), Woodruff PE Center Indoor Tennis court #10 (roof), Woodruff PE Center Indoor Tennis Court  #11,…"
Savera Practice,https://25livepub.collegenet.com/calendars/25live-woodpec-cal?eventid=1241501845,1241501845,"Sunday, April 27, 2025, 3 - 4pm Woodruff PE Center Aerobics Room"
Track and Field Practice,https://25livepub.collegenet.com/calendars/25live-woodpec-cal?eventid=1226151357,1226151357,"Monday, April 28, 2025, 1 - 3pm Woodruff PE Center Mcdonough Field"
Emory Dance Company Course,https://25livepub.collegenet.com/calendars/25live-woodpec-cal?eventid=1235867457,1235867457,"Tuesday, April 29, 2025, 5:30 - 9pm Woodruff PE Center - Dance Studio"
Emory Dance Company Course,https://25livepub.collegenet.com/calendars/25live-woodpec-cal?eventid=1235867458,1235867458,"Wednesday, April 30, 2025, 5:30 - 9pm Woodruff PE Center - Dance Studio"
EXAM: DANC 226 1 2733,https://25livepub.collegenet.com/calendars/25live-woodpec-cal?eventid=1245595050,1245595050,"Thursday, May 1, 2025, 3 - 5:30pm Woodruff PE Center - Dance Studio"
Emory Eagles Cricket Club - Open Play,https://25livepub.collegenet.com/calendars/25live-woodpec-cal?eventid=1234025613,1234025613,"Sunday, April 27, 2025, 4 - 7pm Woodruff PE Center Mcdonough Field"
DANC 423R 1 2838,https://25livepub.collegenet.com/calendars/25live-woodpec-cal?eventid=1208676452,1208676452,"Monday, April 28, 2025, 1 - 2:15pm Woodruff PE Center - Dance Studio"
Cardio Blast (Amanda),https://25livepub.collegenet.com/calendars/25live-woodpec-cal?eventid=1269800117,1269800117,"Tuesday, April 29, 2025, 6:30 - 7:30pm Woodruff PE Center multipurpose room, wrestling,aerobics,yoga,martial arts"
Spin (Kristin),https://25livepub.collegenet.com/calendars/25live-woodpec-cal?eventid=1269822618,1269822618,"Wednesday, April 30, 2025, 6 - 6:50pm Woodruff PE Center Cycling Studio"
OR Meeting,https://25livepub.collegenet.com/calendars/25live-woodpec-cal?eventid=1271714727,1271714727,"Thursday, May 1, 2025, 3:30 - 4pm Woodruff PE Center 2nd conference room"
Emory Shotokan Karate Practice,https://25livepub.collegenet.com/calendars/25live-woodpec-cal?eventid=1241437273,1241437273,"Sunday, April 27, 2025, 4:15 - 5:45pm Woodruff PE Center - Dance Studio"
PE 189 1 3267,https://25livepub.collegenet.com/calendars/25live-woodpec-cal?eventid=1222893589,1222893589,"Monday, April 28, 2025, 2:30 - 3:45pm Woodruff PE Center multipurpose room, wrestling,aerobics,yoga,martial arts"
Coach K Practice,https://25livepub.collegenet.com/calendars/25live-woodpec-cal?eventid=1271166013,1271166013,"Wednesday, April 30, 2025, 6:30 - 7:30pm Woodruff PE Center All Outdoor Tennis courts"
Align & Flow Yoga (Stacy),https://25livepub.collegenet.com/calendars/25live-woodpec-cal?eventid=1269827377,1269827377,"Thursday, May 1, 2025, 4 - 5pm Woodruff PE Center multipurpose room, wrestling,aerobics,yoga,martial arts"
Spin (Ruby),https://25livepub.collegenet.com/calendars/25live-woodpec-cal?eventid=1229841667,1229841667,"Sunday, April 27, 2025, 5 - 5:45pm Woodruff PE Center Cycling Studio"
Track Practice,https://25livepub.collegenet.com/calendars/25live-woodpec-cal?eventid=1224316104,1224316104,"Monday, April 28, 2025, 2:30 - 5:30pm Woodruff PE Center Outdoor track"
OR Meeting,https://25livepub.collegenet.com/calendars/25live-woodpec-cal?eventid=1240836988,1240836988,"Thursday, May 1, 2025, 4 - 5pm Woodruff PE Center small class room"
Emory Muay Thai Practice,https://25livepub.collegenet.com/calendars/25live-woodpec-cal?eventid=1241847108,1241847108,"Sunday, April 27, 2025, 5:30 - 7pm Woodruff PE Center multipurpose room, wrestling,aerobics,yoga,martial arts"
DANC 322R 1 2833,https://25livepub.collegenet.com/calendars/25live-woodpec-cal?eventid=1208676453,1208676453,"Monday, April 28, 2025, 2:30 - 3:45pm Woodruff PE Center - Dance Studio"
Men's Tennis Practice,https://25livepub.collegenet.com/calendars/25live-woodpec-cal?eventid=1221902304,1221902304,"Thursday, May 1, 2025, 4:30 - 6:30pm Woodruff PE Center All Outdoor Tennis courts, Woodruff PE Center All Indoor Tennis courts"
Zuri Practice,https://25livepub.collegenet.com/calendars/25live-woodpec-cal?eventid=1241847602,1241847602,"Sunday, April 27, 2025, 5:30 - 8:30pm SAAC 211"
Men's Tennis Practice,https://25livepub.collegenet.com/calendars/25live-woodpec-cal?eventid=1221902299,1221902299,"Monday, April 28, 2025, 2:30 - 4:30pm Woodruff PE Center Indoor Tennis court #10 (roof), Woodruff PE Center All Outdoor Tennis courts, Woodruff PE Center All Indoor Tennis courts"
Men's Tennis Practice,https://25livepub.collegenet.com/calendars/25live-woodpec-cal?eventid=1221900806,1221900806,"Thursday, May 1, 2025, 4:30 - 6:30pm Woodruff PE Center All Outdoor Tennis courts, Woodruff PE Center All Indoor Tennis courts"
Emory Suri Rehearsal,https://25livepub.collegenet.com/calendars/25live-woodpec-cal?eventid=1242035910,1242035910,"Sunday, April 27, 2025, 6 - 8:45pm Woodruff PE Center Aerobics Room"
Men's Tennis Practice,https://25livepub.collegenet.com/calendars/25live-woodpec-cal?eventid=1221900803,1221900803,"Monday, April 28, 2025, 2:30 - 4:30pm Woodruff PE Center Indoor Tennis court #10 (roof), Woodruff PE Center All Outdoor Tennis courts, Woodruff PE Center All Indoor Tennis courts"
Proprio-Vinyasa Flow (Maggie),https://25livepub.collegenet.com/calendars/25live-woodpec-cal?eventid=1269827378,1269827378,"Thursday, May 1, 2025, 5:30 - 6:30pm Woodruff PE Center multipurpose room, wrestling,aerobics,yoga,martial arts"
Zeebah Practice,https://25livepub.collegenet.com/calendars/25live-woodpec-cal?eventid=1241846124,1241846124,"Sunday, April 27, 2025, 6 - 8pm Woodruff PE Center - Dance Studio"
PE 191 2 3583,https://25livepub.collegenet.com/calendars/25live-woodpec-cal?eventid=1222893590,1222893590,"Monday, April 28, 2025, 4 - 5:15pm Woodruff PE Center multipurpose room, wrestling,aerobics,yoga,martial arts"
Emory Dance Company Course,https://25livepub.collegenet.com/calendars/25live-woodpec-cal?eventid=1235867459,1235867459,"Thursday, May 1, 2025, 5:30 - 9pm Woodruff PE Center - Dance Studio"
CS Men's Volleyball,https://25livepub.collegenet.com/calendars/25live-woodpec-cal?eventid=1230793733,1230793733,"Sunday, April 27, 2025, 6:30 - 9pm Woodruff PE Center Court #2, Woodruff PE Center Court #1"
Group Fitness/Wellness,https://25livepub.collegenet.com/calendars/25live-woodpec-cal?eventid=1268231412,1268231412,"Monday, April 28, 2025, 4 - 5pm Woodruff PE Center Auxillary Court, Woodruff PE Center Auxillary Court 2, Woodruff PE Center Auxillary Court 1"
Dance Practice,https://25livepub.collegenet.com/calendars/25live-woodpec-cal?eventid=1271684229,1271684229,"Thursday, May 1, 2025, 6 - 7:45pm Woodruff PE Center Aerobics Room"
DANC 150R 1 2728,https://25livepub.collegenet.com/calendars/25live-woodpec-cal?eventid=1208676454,1208676454,"Monday, April 28, 2025, 4 - 5:15pm Woodruff PE Center - Dance Studio"
Spin (Kristin),https://25livepub.collegenet.com/calendars/25live-woodpec-cal?eventid=1269822619,1269822619,"Thursday, May 1, 2025, 6 - 6:50pm Woodruff PE Center Cycling Studio"
CS Exec Meeting,https://25livepub.collegenet.com/calendars/25live-woodpec-cal?eventid=1234187369,1234187369,"Monday, April 28, 2025, 4 - 5pm Woodruff PE Center 2nd conference room"
Feel Good Yoga (Martine),https://25livepub.collegenet.com/calendars/25live-woodpec-cal?eventid=1229821908,1229821908,"Monday, April 28, 2025, 5:30 - 6:30pm Woodruff PE Center multipurpose room, wrestling,aerobics,yoga,martial arts"
SPC Last Day of Classes,https://25livepub.collegenet.com/calendars/25live-woodpec-cal?eventid=1242515116,1242515116,"Monday, April 28, 2025, 6 - 8pm Woodruff PE Center Mcdonough Field, Woodruff PE Center Mcdonough Stage"
Spin (Ruby),https://25livepub.collegenet.com/calendars/25live-woodpec-cal?eventid=1229781013,1229781013,"Monday, April 28, 2025, 6 - 6:50pm Woodruff PE Center Cycling Studio"
Swim Practice (IMSC),https://25livepub.collegenet.com/calendars/25live-woodpec-cal?eventid=1235050946,1235050946,"Monday, April 28, 2025, 6 - 7:30pm Woodruff PE Center Pool lap lane"
Water Polo Practice (IMSC),https://25livepub.collegenet.com/calendars/25live-woodpec-cal?eventid=1235050947,1235050947,"Monday, April 28, 2025, 6:30 - 8:30pm Woodruff PE Center Pool diving well / deep end"
Blaez Dance Team Practice,https://25livepub.collegenet.com/calendars/25live-woodpec-cal?eventid=1242565716,1242565716,"Monday, April 28, 2025, 8 - 10pm Woodruff PE Center - Dance Studio"
Break Emory Weekly Practice,https://25livepub.collegenet.com/calendars/25live-woodpec-cal?eventid=1242052345,1242052345,"Monday, April 28, 2025, 9 - 10:45pm Woodruff PE Center multipurpose room, wrestling,aerobics,yoga,martial arts"
Closed,https://25livepub.collegenet.com/calendars/25live-woodpec-cal?eventid=1269826862,1269826862,"Sunday, May 4, 2025, 1am - 11:30pm Woodruff PE Center Court #4"
Graduation 2025,https://25livepub.collegenet.com/calendars/25live-woodpec-cal?eventid=1268231560,1268231560,"Monday, May 5, 2025, 6am - 11pm Woodruff PE Center Court #2, Woodruff PE Center Court #1, Woodruff PE Center Court #3, Woodruff PE Center Court #4"
Graduation 2025,https://25livepub.collegenet.com/calendars/25live-woodpec-cal?eventid=1268231561,1268231561,"Tuesday, May 6, 2025, 6am - 11pm Woodruff PE Center Court #2, Woodruff PE Center Court #1, Woodruff PE Center Court #3, Woodruff PE Center Court #4"
Graduation 2025,https://25livepub.collegenet.com/calendars/25live-woodpec-cal?eventid=1268231562,1268231562,"Wednesday, May 7, 2025, 6am - 11pm Woodruff PE Center Court #2, Woodruff PE Center Court #1, Woodruff PE Center Court #3, Woodruff PE Center Court #4"
Graduation 2025,https://25livepub.collegenet.com/calendars/25live-woodpec-cal?eventid=1268231563,1268231563,"Thursday, May 8, 2025, 6am - 11pm Woodruff PE Center Court #2, Woodruff PE Center Court #1, Woodruff PE Center Court #3, Woodruff PE Center Court #4"
Graduation 2025,https://25livepub.collegenet.com/calendars/25live-woodpec-cal?eventid=1268231564,1268231564,"Friday, May 9, 2025, 6am - 11pm Woodruff PE Center Court #2, Woodruff PE Center Court #1, Woodruff PE Center Court #3, Woodruff PE Center Court #4"
Graduation 2025,https://25livepub.collegenet.com/calendars/25live-woodpec-cal?eventid=1268231565,1268231565,"Saturday, May 10, 2025, 6am - 11pm Woodruff PE Center Court #2, Woodruff PE Center Court #1, Woodruff PE Center Court #3, Woodruff PE Center Court #4"
Women's Tennis Practice,https://25livepub.collegenet.com/calendars/25live-woodpec-cal?eventid=1222083514,1222083514,"Sunday, May 4, 2025, 10am - 1pm Woodruff PE Center Indoor Tennis court #7 (roof), Woodruff PE Center Indoor Tennis court #8 (roof), Woodruff PE Center Indoor Tennis court #9 (roof), Woodruff PE Center Indoor Tennis court #10 (roof), Woodruff PE Center Indoor Tennis Court  #11,…"
Spin (Cecilia),https://25livepub.collegenet.com/calendars/25live-woodpec-cal?eventid=1269822621,1269822621,"Monday, May 5, 2025, 7 - 7:50am Woodruff PE Center Cycling Studio"
Spin (Cecilia),https://25livepub.collegenet.com/calendars/25live-woodpec-cal?eventid=1269822622,1269822622,"Tuesday, May 6, 2025, 7 - 7:50am Woodruff PE Center Cycling Studio"
Class Day Crossover Tent Install,https://25livepub.collegenet.com/calendars/25live-woodpec-cal?eventid=1268393671,1268393671,"Wednesday, May 7, 2025, 8am - 11pm Woodruff PE Center Mcdonough Field, Woodruff PE Center Mcdonough Stage"
Stretch & Conditioning (Maki),https://25livepub.collegenet.com/calendars/25live-woodpec-cal?eventid=1269826478,1269826478,"Thursday, May 8, 2025, 7:15 - 8am Woodruff PE Center Aerobics Room"
Align & Flow Yoga (Stacy),https://25livepub.collegenet.com/calendars/25live-woodpec-cal?eventid=1269827383,1269827383,"Friday, May 9, 2025, 10 - 11am Woodruff PE Center multipurpose room, wrestling,aerobics,yoga,martial arts"
Emory Dance Company Course,https://25livepub.collegenet.com/calendars/25live-woodpec-cal?eventid=1235867467,1235867467,"Saturday, May 10, 2025, 11am - 4pm Woodruff PE Center - Dance Studio"
Women's Tennis Practice,https://25livepub.collegenet.com/calendars/25live-woodpec-cal?eventid=1221946069,1221946069,"Sunday, May 4, 2025, 10am - 1pm Woodruff PE Center Indoor Tennis court #7 (roof), Woodruff PE Center Indoor Tennis court #8 (roof), Woodruff PE Center Indoor Tennis court #9 (roof), Woodruff PE Center Indoor Tennis court #10 (roof), Woodruff PE Center Indoor Tennis Court  #11,…"
EXAM: PE 110 1 3191,https://25livepub.collegenet.com/calendars/25live-woodpec-cal?eventid=1247138971,1247138971,"Monday, May 5, 2025, 8 - 10:30am Woodruff PE Center Aerobics Room"
Plywood Delivery,https://25livepub.collegenet.com/calendars/25live-woodpec-cal?eventid=1272014768,1272014768,"Tuesday, May 6, 2025, 8am - 3pm Woodruff PE Center Mcdonough Field"
EXAM: DANC 223R 1 2723,https://25livepub.collegenet.com/calendars/25live-woodpec-cal?eventid=1245595055,1245595055,"Wednesday, May 7, 2025, 8 - 10:30am Woodruff PE Center - Dance Studio"
